Country,Clicks,Impressions,CTR,Position
United States,40,2889,1.38%,37.67
United Kingdom,3,178,1.69%,39.81
Germany,3,52,5.77%,10.5
Canada,1,51,1.96%,12.76
Italy,1,38,2.63%,18.74
France,1,33,3.03%,10.61
Indonesia,1,16,6.25%,26.81
Ukraine,1,10,10%,10.6
Mexico,1,9,11.11%,10.89
Turkey,1,9,11.11%,16.11
Austria,1,7,14.29%,5.86
Kenya,1,6,16.67%,22
Iran,1,1,100%,1
India,0,45,0%,26.82
Brazil,0,42,0%,20.95
South Korea,0,35,0%,19.51
Spain,0,22,0%,15.68
Philippines,0,19,0%,28.26
Netherlands,0,18,0%,11.5
Australia,0,18,0%,11.67
Japan,0,16,0%,9
Vietnam,0,14,0%,29.29
Nigeria,0,13,0%,11.77
Thailand,0,13,0%,38.69
Poland,0,12,0%,7.83
Switzerland,0,11,0%,7.45
Belgium,0,11,0%,8.18
Egypt,0,11,0%,23.55
Argentina,0,9,0%,22.11
Ireland,0,8,0%,15.25
Morocco,0,8,0%,21.25
Colombia,0,8,0%,29.62
Greece,0,7,0%,5.86
Israel,0,7,0%,17.57
Saudi Arabia,0,7,0%,35.71
Finland,0,6,0%,18.67
Portugal,0,6,0%,27.33
Sweden,0,5,0%,8
Uzbekistan,0,5,0%,14.6
Singapore,0,5,0%,16.8
Peru,0,5,0%,17.4
Romania,0,4,0%,9.75
South Africa,0,4,0%,11
Georgia,0,4,0%,11.75
Puerto Rico,0,4,0%,14.5
Malaysia,0,4,0%,15.25
Pakistan,0,4,0%,19.5
Bangladesh,0,4,0%,35
Chile,0,3,0%,4
Palestine,0,3,0%,6.33
Norway,0,3,0%,7
Lithuania,0,3,0%,9.33
Bolivia,0,2,0%,3.5
China,0,2,0%,5
Slovakia,0,2,0%,5.5
Barbados,0,2,0%,6
Dominican Republic,0,2,0%,6
Nicaragua,0,2,0%,6
Jordan,0,2,0%,6.5
Kazakhstan,0,2,0%,6.5
Serbia,0,2,0%,8
Slovenia,0,2,0%,8.5
Croatia,0,2,0%,9.5
Czechia,0,2,0%,11.5
Oman,0,2,0%,16.5
Azerbaijan,0,2,0%,18.5
Moldova,0,2,0%,22
Guatemala,0,2,0%,22.5
Venezuela,0,2,0%,25
Algeria,0,2,0%,29.5
El Salvador,0,2,0%,31
Iraq,0,2,0%,32.5
Bulgaria,0,2,0%,38.5
Unknown Region,0,2,0%,39
Mauritius,0,1,0%,1
New Zealand,0,1,0%,1
United Arab Emirates,0,1,0%,3
Iceland,0,1,0%,4
Paraguay,0,1,0%,4
Uruguay,0,1,0%,5
Macedonia,0,1,0%,7
Estonia,0,1,0%,8
Bahamas,0,1,0%,9
Costa Rica,0,1,0%,9
Curaçao,0,1,0%,9
Denmark,0,1,0%,9
Ecuador,0,1,0%,9
Ghana,0,1,0%,9
Hong Kong,0,1,0%,9
Bosnia & Herzegovina,0,1,0%,10
Honduras,0,1,0%,10
Kuwait,0,1,0%,10
Qatar,0,1,0%,11
Taiwan,0,1,0%,11
U.S. Virgin Islands,0,1,0%,11
Zambia,0,1,0%,11
Cyprus,0,1,0%,12
Hungary,0,1,0%,12
Timor-Leste,0,1,0%,12
Zimbabwe,0,1,0%,16
Trinidad & Tobago,0,1,0%,23
Libya,0,1,0%,26
Albania,0,1,0%,27
Panama,0,1,0%,30
Senegal,0,1,0%,30
Nepal,0,1,0%,32
Tunisia,0,1,0%,34
Malta,0,1,0%,67
Russia,0,1,0%,87