Top pages,Clicks,Impressions,CTR,Position
https://musicbizqr.com/,40,242,16.53%,14.76
https://musicbizqr.com/article/smart-links/linktree-alternative-for-musicians,3,213,1.41%,15.85
https://musicbizqr.com/article/qr-code-strategy/musicbizqr-vs-linktree-for-musicians,2,48,4.17%,13.54
https://musicbizqr.com/article/smart-links/best-music-smart-link-tools-2025,1,463,0.22%,17.81
https://musicbizqr.com/article/smart-links/what-are-music-smart-links,1,302,0.33%,65.25
https://musicbizqr.com/article/smart-links/smart-links-for-musicians-seamless-music-promotion,1,149,0.67%,28.75
https://musicbizqr.com/article/smart-links/smart-links,1,101,0.99%,65.16
https://musicbizqr.com/article/smart-links/smart-link-vs-linktree-musicians,1,91,1.1%,9.23
https://musicbizqr.com/article/qr-code-strategy/qr-code-ideas-for-musicians,1,89,1.12%,31.61
https://musicbizqr.com/login,1,67,1.49%,1.6
https://musicbizqr.com/article/smart-links/smart-link-page-that-converts-fans,1,39,2.56%,38.15
https://musicbizqr.com/article/smart-links/smart-links-for-musicians-why-every-artist-needs-a-central-hub,1,34,2.94%,38.38
https://musicbizqr.com/article/qr-code-strategy/qr-codes-festivals-tours,1,4,25%,4.75
https://musicbizqr.com/thedannynovaband.,1,1,100%,1
https://musicbizqr.com/article/smart-links/perfect-smart-link-page-musicians,0,291,0%,26.03
https://musicbizqr.com/article/null/how-to-make-qr-code-for-music,0,239,0%,81.62
https://musicbizqr.com/article/smart-links/smart-links-for-musicians-how-to-turn-one-link-into-a-marketing-powerhouse,0,147,0%,36.12
https://musicbizqr.com/article/music-marketing/ways-to-promote-your-music-2025,0,126,0%,13.21
https://musicbizqr.com/article/qr-code-strategy/how-qr-codes-are-revolutionizing-music-marketing-in-2025,0,124,0%,7.31
https://musicbizqr.com/article/smart-links/music-links-for-artists-fan-journey,0,106,0%,65.65
https://musicbizqr.com/article/smart-links,0,104,0%,57.13
https://musicbizqr.com/article/qr-code-strategy/how-to-make-qr-code-for-music,0,57,0%,73.42
https://musicbizqr.com/article/smart-links/smart-links-vs-link-in-bio-tools,0,56,0%,33.86
https://musicbizqr.com/article/qr-code-strategy,0,55,0%,7.29
https://musicbizqr.com/signup,0,54,0%,1.89
https://musicbizqr.com/article/music-marketing/pre-save-campaign-strategy-for-indie-artists,0,54,0%,9.8
https://musicbizqr.com/article/qr-code-strategy/how-to-use-qr-codes-to-boost-fan-engagement-at-live-shows,0,49,0%,35.84
https://musicbizqr.com/article/what-are-music-smart-links,0,48,0%,75.38
https://musicbizqr.com/article/qr-code-strategy/qr-codes-live-shows-promotion,0,42,0%,7.38
https://musicbizqr.com/article/best-music-smart-link-tools-2025,0,39,0%,31.54
https://musicbizqr.com/article/qr-code-strategy/how-to-capture-fan-emails-with-qr-codes,0,39,0%,46.28
https://musicbizqr.com/article/smart-links/musicbizqr-vs-linktree-why-artists-are-switching,0,36,0%,36.44
https://musicbizqr.com/article/how-qr-codes-are-redefining-music-promotion-for-indie-artists,0,31,0%,7.71
https://musicbizqr.com/article/qr-code-strategy/qr-codes-for-musicians-guide,0,31,0%,41.77
https://musicbizqr.com/article,0,30,0%,1.8
https://musicbizqr.com/article/how-to-launch-a-qr-code-campaign-for-your-next-album-release,0,27,0%,9.04
https://musicbizqr.com/article/smart-links/what-are-smart-links-for-musicians,0,27,0%,32.48
https://musicbizqr.com/article/smart-links/the-psychology-of-fan-conversion-why-smart-links-outperform-link-in-bio-tools-every-time,0,22,0%,5.55
https://musicbizqr.com/article/smart-links/music-smart-link-tool,0,22,0%,73.32
https://musicbizqr.com/article/qr-code-strategy/why-every-indie-band-needs-a-qr-code-strategy,0,21,0%,4.29
https://musicbizqr.com/article/qr-code-strategy/free-qr-code-generator-for-bands,0,20,0%,6.5
https://musicbizqr.com/article/qr-code-strategy/qr-code-strategy,0,20,0%,6.8
https://musicbizqr.com/article/music-smart-link-tool,0,20,0%,67.55
https://musicbizqr.com/article/qr-code-strategy/qr-codes-essential-for-music-promotion,0,19,0%,7.21
https://musicbizqr.com/article/music-marketing/linktree-analytics-for-musicians,0,19,0%,7.53
https://musicbizqr.com/article/qr-code-strategy/how-bands-can-use-qr-codes-to-skyrocket-tour-engagement,0,19,0%,21.74
https://musicbizqr.com/article/qr-code-strategy/how-indie-bands-can-sell-more-merch-at-shows-using-qr-codes,0,18,0%,6.67
https://musicbizqr.com/article/qr-code-strategy/how-qr-codes-are-reshaping-music-discovery-in-2025,0,17,0%,5.71
https://musicbizqr.com/article/smart-link-vs-linktree-musicians,0,17,0%,18.12
https://musicbizqr.com/article/smart-links/how-to-use-smart-links-to-promote-new-releases-like-a-pro,0,17,0%,65.18
https://musicbizqr.com/article/the-ultimate-guide-to-smart-links-for-bands,0,16,0%,50.75
https://musicbizqr.com/contact,0,15,0%,3.87
https://musicbizqr.com/article/how-to-use-smart-links-to-promote-new-releases-like-a-pro,0,14,0%,13.21
https://musicbizqr.com/videos,0,13,0%,2.92
https://musicbizqr.com/article/qr-code-strategy/ndie-band-qr-code-strategy,0,13,0%,5.46
https://musicbizqr.com/article/qr-code-strategy/qr-codes-at-live-shows-to-boost-merch,0,13,0%,6.54
https://musicbizqr.com/article/qr-code-strategy/how-to-launch-a-qr-code-campaign-for-your-next-album-release,0,13,0%,7.54
https://www.musicbizqr.com/article/smart-links/direct-to-fan-video,0,12,0%,57.83
https://musicbizqr.com/article/smart-links/embedded-content-smart-links-for-musicians,0,11,0%,7.18
https://musicbizqr.com/article/fan-funnels/fan-funnels,0,11,0%,43.82
https://musicbizqr.com/article/qr-code-strategy/ultimate-qr-code-strategy-for-indie-bands,0,11,0%,48.82
https://musicbizqr.com/article/smart-links/smart-links-artist-branding,0,11,0%,55.18
https://musicbizqr.com/thedannynovaband,0,10,0%,9.4
https://musicbizqr.com/article/qr-code-strategy/qr-codes-to-sell-band-merch,0,10,0%,29.1
https://musicbizqr.com/article/qr-code-strategy/how-to-use-qr-codes-at-concerts-to-build-a-lifelong-fanbase,0,10,0%,34.5
https://musicbizqr.com/article/smart-links/link-in-bio-is-dead-build-a-fan-funnel,0,10,0%,42.1
https://musicbizqr.com/article/qr-code-strategy/qr-codes-for-bands-complete-guide,0,9,0%,7
https://musicbizqr.com/article/touring-events/festival-strategy-for-indie-artists,0,9,0%,9.22
https://musicbizqr.com/article/smart-links/,0,9,0%,58.11
https://musicbizqr.com/article/qr-code-strategy/promote-your-music-smarter-with-dynamic-qr-codes,0,8,0%,4.38
https://musicbizqr.com/article/smart-links/music-links-for-artists,0,8,0%,69.38
https://musicbizqr.com/saved,0,7,0%,1.14
https://musicbizqr.com/article/smart-links/smart-link-revolution-centralized-hub,0,7,0%,6.86
https://musicbizqr.com/article/smart-links/indie-artist-needs-a-smart-link-strategy/,0,7,0%,9.14
https://musicbizqr.com/article/smart-links/the-ultimate-guide-to-smart-links-for-bands,0,7,0%,20.43
https://musicbizqr.com/doctorsmineep6uncut,0,7,0%,39.14
https://musicbizqr.com/article/smart-links-vs-link-in-bio-tools,0,7,0%,72.14
https://musicbizqr.com/account,0,6,0%,3.33
https://musicbizqr.com/article/qr-code-strategy/how-qr-codes-are-redefining-music-promotion-for-indie-artists,0,6,0%,6.33
https://musicbizqr.com/article/music-marketing/spotify-pre-save-campaign-guide,0,6,0%,7.83
https://musicbizqr.com/article/merch-growth/sell-more-band-merch-with-qr-codes,0,6,0%,13.33
https://musicbizqr.com/article/smart-links/how-smart-links-are-changing-the-way-bands-build-their-fanbase,0,6,0%,14.17
https://musicbizqr.com/article/music-marketing/qr-code-design-psychology-musicians,0,5,0%,5.8
https://musicbizqr.com/article/qr-code-strategy/qr-codes-and-the-evolution-of-the-gig-economy,0,5,0%,5.8
https://musicbizqr.com/article/qr-code-strategy/how-to-track-qr-code-campaign-performance-in-music-marketing,0,5,0%,8.2
https://musicbizqr.com/article/music-marketing/promote-music-video-with-qr-code,0,5,0%,17.4
https://musicbizqr.com/article/smart-links/smart-links-promote-new-releases,0,5,0%,23.2
https://musicbizqr.com/article/smart-links/the-smart-link-alternative-built-for-bands,0,5,0%,24.6
https://musicbizqr.com/article/qr-code-strategy/artist-analytics-101-track-streams-scans-clicks,0,5,0%,29
https://musicbizqr.com/article/music-marketing/use-fan-data-to-grow-your-music-career,0,5,0%,46.6
https://musicbizqr.com/article/smart-links/smart-links-direct-fan-connection,0,5,0%,50.2
https://musicbizqr.com/discover,0,4,0%,1.5
https://musicbizqr.com/article/music-marketing/build-a-fan-funnel-for-music-growth,0,4,0%,2.75
https://musicbizqr.com/article/qr-code-strategy/qr-codes-to-promote-concerts-and-tours,0,4,0%,3.25
https://musicbizqr.com/article/smart-links/why-every-serious-musician-will-be-using-musicbizqr,0,4,0%,5.75
https://musicbizqr.com/article/how-to-use-qr-codes-for-tour-promotion-like-a-pro,0,4,0%,8
https://musicbizqr.com/article/qr-code-strategy/live-shows-digital-gold,0,4,0%,8
https://musicbizqr.com/article/smart-links/why-every-indie-band-needs-a-smart-link-strategy,0,4,0%,9.75
https://musicbizqr.com/article/qr-code-strategy/how-to-design-scan-friendly-qr-codes-for-musicians,0,4,0%,23.75
https://musicbizqr.com/article/fan-funnels,0,4,0%,52
https://musicbizqr.com/article/turn-concert-into-fan-funnel,0,3,0%,6.67
https://musicbizqr.com/article/musicbizqr-vs-linktree-why-artists-are-switching,0,3,0%,9
https://musicbizqr.com/article/merch-growth/sell-more-band-merch-with-smart-qr-codes,0,3,0%,9.33
https://musicbizqr.com/article/qr-code-strategy/the-future-of-band-promotion-qr-codes-are-the-new-backstage-pass,0,3,0%,11.33
https://musicbizqr.com/article/qr-code-strategy/how-bands-can-use-qr-codes-to-promote-upcoming-tours,0,3,0%,16.33
https://musicbizqr.com/article/smart-links/smart-link-psychology,0,3,0%,18
https://musicbizqr.com/article/smart-links/null,0,2,0%,2.5
https://musicbizqr.com/article/qr-code-strategy/dynamic-qr-codes-for-musicians,0,2,0%,3.5
https://musicbizqr.com/article/qr-code-strategy/how-bands-can-use-qr-codes-to-explode-their-fanbase-in-2025,0,2,0%,3.5
https://musicbizqr.com/article/smart-links/smart-link-design-psychology,0,2,0%,3.5
https://www.musicbizqr.com/article/qr-code-strategy/qr-codes-and-the-evolution-of-the-gig-economy,0,2,0%,15
https://musicbizqr.com/article/how-to-use-qr-codes-at-concerts-to-build-a-lifelong-fanbase,0,2,0%,15.5
https://musicbizqr.com/createband,0,2,0%,16.5
https://musicbizqr.com/article/qr-code-strategy/how-indie-artists-can-monetize-fans-using-qr-codes,0,2,0%,26.5
https://musicbizqr.com/article/build-a-fan-funnel-for-music-growth,0,2,0%,42.5
https://musicbizqr.com/article/qr-codes-for-musicians-guide,0,2,0%,49.5
https://musicbizqr.com/article/smart-links/the-ultimate-guide-to-smart-links,0,2,0%,72
https://musicbizqr.com/article/touring-events/turn-concert-into-fan-funnel,0,2,0%,115
https://musicbizqr.com/agency,0,1,0%,1
https://musicbizqr.com/demo,0,1,0%,1
https://musicbizqr.com/article/smart-links-streaming-age,0,1,0%,2
https://musicbizqr.com/termsofservice,0,1,0%,2
https://musicbizqr.com/article/music-marketing,0,1,0%,5
https://musicbizqr.com/article/null,0,1,0%,7
https://musicbizqr.com/article/qr-code-strategy/how-to-use-qr-codes-for-tour-promotion-like-a-pro,0,1,0%,7
https://musicbizqr.com/article/smart-links-promote-new-releases,0,1,0%,7
https://musicbizqr.com/article/smart-links/indie-artist-needs-a-smart-link-strategy,0,1,0%,8
https://musicbizqr.com/dashboard,0,1,0%,8
https://musicbizqr.com/article/touring-events/touring-events,0,1,0%,9
https://musicbizqr.com/search,0,1,0%,9
https://musicbizqr.com/search?q=%7Bsearch_term_string%7D,0,1,0%,10
https://musicbizqr.com/article/email-marketing-for-musicians,0,1,0%,11
https://musicbizqr.com/article/qr-codes-for-music-tour-promotion,0,1,0%,12
https://musicbizqr.com/article/sell-more-band-merch-with-smart-qr-codes,0,1,0%,12
https://www.musicbizqr.com/article/smart-links/why-every-indie-artist-needs-a-smart-link-strategy,0,1,0%,27
https://musicbizqr.com/article/touring-events/qr-codes--music-tour-promotion,0,1,0%,28
https://musicbizqr.com/article/smart-links/5-ways-smart-links-transform-music-promotion-and-boost-fan-loyalty,0,1,0%,39