Top queries,Clicks,Impressions,CTR,Position
music smart links,0,109,0%,82.83
music smark pages,0,104,0%,44.59
music smart pages for biolinks,0,103,0%,26.27
biolinks for music marketing,0,102,0%,28.51
fan engagement platform for music artists,0,87,0%,63.32
smart links for music,0,56,0%,87.52
what’s a good linktree alternative for musicians?,0,51,0%,11.12
smart link for music,0,51,0%,91.88
qr codes for fan video activations,0,45,0%,44.13
linktree alternatives for musicians,0,45,0%,46.62
qr codes for bands,0,42,0%,61.95
smart links music,0,42,0%,76.48
qr code setlist voting,0,39,0%,9.31
smarturl for music,0,34,0%,75.03
qr codes for musicians,0,30,0%,67.2
qr codes for music,0,29,0%,80.21
smart link music,0,27,0%,82.78
artist links,0,26,0%,67.23
fan link for creator,0,25,0%,27.88
smarturl music links,0,25,0%,59.36
links for music marketing,0,25,0%,76.88
smartlink music,0,23,0%,95
music qr,0,21,0%,58.62
free smart links for music marketing,0,20,0%,48.15
qr code for music artist,0,19,0%,74.58
smart links for music marketing,0,19,0%,74.79
smartlink for music,0,18,0%,88.22
music smart link,0,17,0%,84.18
how to make a music qr code,0,17,0%,85.06
how to create qr code for music,0,17,0%,89.47
artist to fan platforms,0,15,0%,73.8
how to make qr code for music,0,15,0%,77.93
how to make a qr code play a song,0,15,0%,80.67
fan links,0,14,0%,81.57
how to get song qr code,0,14,0%,82.86
qr code for music playlist,0,13,0%,46.23
how to get qr code for song,0,13,0%,79
make qr code for music,0,13,0%,81.23
qr code to song,0,13,0%,87.38
how to make a qr code for music,0,13,0%,89.69
free smart links for music,0,13,0%,93.54
best smart links for music,0,12,0%,74.25
how to make qr code for song,0,12,0%,89.42
create qr code for music,0,11,0%,78.27
music smart links builder,0,11,0%,86.18
music smartlink,0,11,0%,97.55
best smart link for music,0,9,0%,47.56
biolinks for music,0,9,0%,63.44
how do you get a qr code for a song,0,9,0%,83.89
smart link for musicians,0,9,0%,86.33
how to make a song a qr code,0,9,0%,94.89
best smartlink tools,0,8,0%,40.62
music biolinks,0,8,0%,52.75
how to make a song qr code,0,8,0%,94.62
create qr code for song,0,8,0%,96.88
clickfunnels for musicians,0,7,0%,45.71
how to get qr code for a song,0,7,0%,74.14
qr code concert,0,6,0%,34.5
music smart link tool,0,6,0%,35.17
best smartlink tool,0,6,0%,49.5
music qr codes,0,6,0%,73.83
how to make a qr code for a song,0,6,0%,93
best smart links for music software,0,5,0%,20
how to get a song qr code,0,5,0%,84.6
qr code for music,0,5,0%,92
music qr code,0,5,0%,96.2
best linktree for musicians,0,4,0%,35.75
fanlink music,0,4,0%,91
best link in bio for musicians,0,4,0%,93.25
musician link,0,3,0%,62.33
music fan data analytics tools,0,3,0%,71.33
how to create qr code for song,0,3,0%,96.33
danny nova latest,0,2,0%,19
best linktree alternatives for musicians,0,2,0%,29.5
how to make a smarturl for music,0,2,0%,45.5
qr code for songs,0,2,0%,84
create smart link for music,0,2,0%,93
fan engagement solution for musicians,0,2,0%,93.5
qr code of songs,0,2,0%,98.5
how to create a qr code for a song,0,2,0%,101.5
qr code for a song,0,2,0%,104
หมอน่ารักคนนี้เป็นของผม ep 6,0,2,0%,105.5
"best smart link tools for indie artists spotify apple music instagram 
tiktok 2025 2026",0,1,0%,9
qr codes,0,1,0%,12
"most reliable smart link software for music releases that tracks streams 
and clicks accurately",0,1,0%,13
sonikit,0,1,0%,13
linkfire vs linktree,0,1,0%,43
music biz,0,1,0%,46
fan engagement platform for musicians,0,1,0%,58
fan funnel,0,1,0%,61
linktree for musicians,0,1,0%,62
music link page,0,1,0%,69
smart urls,0,1,0%,71
band qr code,0,1,0%,74
music links,0,1,0%,74
smart links for music free,0,1,0%,76
smart url for music,0,1,0%,81
smart url music,0,1,0%,86
music funnels,0,1,0%,90
linktree music links,0,1,0%,92
qr code music,0,1,0%,94
fan engagement solution for music artists,0,1,0%,98
links for music,0,1,0%,100
qr codes for songs,0,1,0%,100
free smartlink for music,0,1,0%,101